Sample_name,Aerial,Car_front_windshield,Car_side_mirror,Handled,Nothing,Panoramic,Panoramic_360,Panoramic_lateral,Static,Tilt,Travelling_in,Travelling_out,Vertical_movement,Zoom_in
2001 A Space Odyssey (1968).mp4_shot_4605_4621..mp4.mp4,0.0,0.0,0.0,0.0,0.0,0.0,0.0,0.0,100.0,0.0,0.0,0.0,0.0,0.0
2001 A Space Odyssey (1968).mp4_shot_4776_4782..mp4.mp4,0.0,0.0,0.0,0.0,0.0,0.0,0.0,0.0,100.0,0.0,0.0,0.0,0.0,0.0
24 Hour Party People (2002).avi_shot_1972_1981..avi.mp4,0.0,0.0,0.0,100.0,0.0,0.0,0.0,0.0,0.0,0.0,0.0,0.0,0.0,0.0
24 Hour Party People (2002).avi_shot_2745_2754..avi.mp4,0.0,0.0,0.0,100.0,0.0,0.0,0.0,0.0,0.0,0.0,0.0,0.0,0.0,0.0
24 Hour Party People (2002).avi_shot_288_290..avi.mp4,0.0,0.0,0.0,0.0,0.0,0.0,0.0,0.0,100.0,0.0,0.0,0.0,0.0,0.0
24 Hour Party People (2002).avi_shot_5147_5156..avi.mp4,0.0,0.0,100.0,0.0,0.0,0.0,0.0,0.0,0.0,0.0,0.0,0.0,0.0,0.0
24 Hour Party People (2002).avi_shot_5208_5222..avi.mp4,0.0,0.0,0.0,0.0,0.0,0.0,0.0,0.0,100.0,0.0,0.0,0.0,0.0,0.0
24 Hour Party People (2002).avi_shot_5284_5290..avi.mp4,0.0,0.0,0.0,100.0,0.0,0.0,0.0,0.0,0.0,0.0,0.0,0.0,0.0,0.0
24 Hour Party People (2002).avi_shot_687_689..avi.mp4,0.0,0.0,0.0,0.0,100.0,0.0,0.0,0.0,0.0,0.0,0.0,0.0,0.0,0.0
400 Blows The (Les quatre cents coups) (1959).mkv_shot_2713_2727..mkv.mp4,0.0,0.0,0.0,0.0,0.0,0.0,0.0,0.0,100.0,0.0,0.0,0.0,0.0,0.0
400 Blows The (Les quatre cents coups) (1959).mkv_shot_336_341..mkv.mp4,0.0,0.0,0.0,0.0,0.0,100.0,0.0,0.0,0.0,0.0,0.0,0.0,0.0,0.0
400 Blows The (Les quatre cents coups) (1959).mkv_shot_3797_3810..mkv.mp4,0.0,0.0,0.0,0.0,0.0,0.0,0.0,0.0,0.0,0.0,0.0,0.0,100.0,0.0
400 Blows The (Les quatre cents coups) (1959).mkv_shot_3978_3983..mkv.mp4,0.0,0.0,0.0,0.0,0.0,0.0,0.0,0.0,0.0,100.0,0.0,0.0,0.0,0.0
400 Blows The (Les quatre cents coups) (1959).mkv_shot_4200_4222..mkv.mp4,0.0,0.0,0.0,0.0,0.0,100.0,0.0,0.0,0.0,0.0,0.0,0.0,0.0,0.0
400 Blows The (Les quatre cents coups) (1959).mkv_shot_4781_4791..mkv.mp4,0.0,100.0,0.0,0.0,0.0,0.0,0.0,0.0,0.0,0.0,0.0,0.0,0.0,0.0
400 Blows The (Les quatre cents coups) (1959).mkv_shot_582_625..mkv.mp4,0.0,0.0,0.0,0.0,0.0,0.0,0.0,0.0,100.0,0.0,0.0,0.0,0.0,0.0
400 Blows The (Les quatre cents coups) (1959).mkv_shot_891_898..mkv.mp4,0.0,0.0,0.0,0.0,0.0,0.0,0.0,0.0,100.0,0.0,0.0,0.0,0.0,0.0
400 Blows The (Les quatre cents coups) (1959).mkv_shot_956_967..mkv.mp4,0.0,0.0,0.0,0.0,0.0,0.0,0.0,0.0,0.0,0.0,0.0,100.0,0.0,0.0
8 Mile (2002).avi_shot_1152_1160..avi.mp4,0.0,0.0,0.0,100.0,0.0,0.0,0.0,0.0,0.0,0.0,0.0,0.0,0.0,0.0
8 Mile (2002).avi_shot_123_130..avi.mp4,0.0,0.0,0.0,100.0,0.0,0.0,0.0,0.0,0.0,0.0,0.0,0.0,0.0,0.0
8 Mile (2002).avi_shot_3302_3319..avi.mp4,0.0,0.0,0.0,100.0,0.0,0.0,0.0,0.0,0.0,0.0,0.0,0.0,0.0,0.0
8 Mile (2002).avi_shot_341_346..avi.mp4,0.0,0.0,0.0,0.0,100.0,0.0,0.0,0.0,0.0,0.0,0.0,0.0,0.0,0.0
8 Mile (2002).avi_shot_3475_3478..avi.mp4,0.0,0.0,0.0,100.0,0.0,0.0,0.0,0.0,0.0,0.0,0.0,0.0,0.0,0.0
8 Mile (2002).avi_shot_3478_3484..avi.mp4,0.0,0.0,0.0,100.0,0.0,0.0,0.0,0.0,0.0,0.0,0.0,0.0,0.0,0.0
8 Mile (2002).avi_shot_3963_3968..avi.mp4,0.0,0.0,0.0,0.0,0.0,0.0,0.0,0.0,0.0,0.0,0.0,0.0,100.0,0.0
8 Mile (2002).avi_shot_4134_4140..avi.mp4,0.0,0.0,100.0,0.0,0.0,0.0,0.0,0.0,0.0,0.0,0.0,0.0,0.0,0.0
8 Mile (2002).avi_shot_4973_4977..avi.mp4,0.0,0.0,0.0,0.0,0.0,0.0,0.0,0.0,100.0,0.0,0.0,0.0,0.0,0.0
8 Mile (2002).avi_shot_5085_5094..avi.mp4,0.0,0.0,0.0,0.0,0.0,0.0,0.0,0.0,100.0,0.0,0.0,0.0,0.0,0.0
8 Mile (2002).avi_shot_5956_5978..avi.mp4,0.0,0.0,0.0,0.0,0.0,0.0,0.0,0.0,0.0,0.0,0.0,100.0,0.0,0.0
A Perfect World cd1.avi_shot_1314_1332..avi.mp4,0.0,100.0,0.0,0.0,0.0,0.0,0.0,0.0,0.0,0.0,0.0,0.0,0.0,0.0
A Perfect World cd1.avi_shot_167_180..avi.mp4,0.0,0.0,0.0,0.0,100.0,0.0,0.0,0.0,0.0,0.0,0.0,0.0,0.0,0.0
A Perfect World cd1.avi_shot_2753_2762..avi.mp4,0.0,0.0,0.0,0.0,0.0,0.0,0.0,0.0,0.0,0.0,0.0,0.0,100.0,0.0
A Perfect World cd1.avi_shot_2825_2829..avi.mp4,0.0,0.0,0.0,0.0,0.0,0.0,0.0,0.0,100.0,0.0,0.0,0.0,0.0,0.0
A Perfect World cd1.avi_shot_2834_2838..avi.mp4,0.0,0.0,0.0,0.0,0.0,0.0,0.0,0.0,100.0,0.0,0.0,0.0,0.0,0.0
A Perfect World cd1.avi_shot_3337_3341..avi.mp4,0.0,0.0,0.0,0.0,0.0,0.0,0.0,0.0,100.0,0.0,0.0,0.0,0.0,0.0
A Perfect World cd1.avi_shot_3506_3509..avi.mp4,0.0,0.0,0.0,0.0,0.0,0.0,0.0,0.0,100.0,0.0,0.0,0.0,0.0,0.0
A Perfect World cd1.avi_shot_3544_3545..avi.mp4,0.0,0.0,0.0,0.0,100.0,0.0,0.0,0.0,0.0,0.0,0.0,0.0,0.0,0.0
A Perfect World cd1.avi_shot_3549_3551..avi.mp4,0.0,0.0,0.0,0.0,100.0,0.0,0.0,0.0,0.0,0.0,0.0,0.0,0.0,0.0
A Perfect World cd1.avi_shot_725_729..avi.mp4,0.0,0.0,0.0,0.0,0.0,0.0,0.0,0.0,100.0,0.0,0.0,0.0,0.0,0.0
A Perfect World cd1.avi_shot_951_956..avi.mp4,0.0,0.0,0.0,0.0,0.0,100.0,0.0,0.0,0.0,0.0,0.0,0.0,0.0,0.0
A Perfect World cd2.avi_shot_1153_1159..avi.mp4,0.0,0.0,0.0,0.0,0.0,0.0,0.0,0.0,100.0,0.0,0.0,0.0,0.0,0.0
A Perfect World cd2.avi_shot_227_231..avi.mp4,0.0,0.0,0.0,0.0,0.0,0.0,0.0,0.0,100.0,0.0,0.0,0.0,0.0,0.0
A Perfect World cd2.avi_shot_2324_2331..avi.mp4,0.0,0.0,0.0,0.0,0.0,0.0,0.0,0.0,100.0,0.0,0.0,0.0,0.0,0.0
A Perfect World cd2.avi_shot_2419_2421..avi.mp4,0.0,0.0,0.0,100.0,0.0,0.0,0.0,0.0,0.0,0.0,0.0,0.0,0.0,0.0
A Perfect World cd2.avi_shot_2493_2497..avi.mp4,0.0,0.0,0.0,0.0,0.0,0.0,0.0,100.0,0.0,0.0,0.0,0.0,0.0,0.0
A Perfect World cd2.avi_shot_2603_2607..avi.mp4,0.0,0.0,0.0,0.0,0.0,0.0,0.0,0.0,100.0,0.0,0.0,0.0,0.0,0.0
A Perfect World cd2.avi_shot_2607_2622..avi.mp4,0.0,0.0,0.0,0.0,0.0,0.0,0.0,0.0,0.0,0.0,0.0,0.0,100.0,0.0
A Perfect World cd2.avi_shot_2728_2732..avi.mp4,0.0,0.0,0.0,0.0,0.0,0.0,0.0,0.0,100.0,0.0,0.0,0.0,0.0,0.0
A Perfect World cd2.avi_shot_2956_2962..avi.mp4,0.0,0.0,0.0,0.0,0.0,0.0,0.0,0.0,100.0,0.0,0.0,0.0,0.0,0.0
A Perfect World cd2.avi_shot_3157_3167..avi.mp4,0.0,0.0,0.0,0.0,0.0,0.0,0.0,0.0,100.0,0.0,0.0,0.0,0.0,0.0
A Perfect World cd2.avi_shot_3475_3479..avi.mp4,0.0,0.0,0.0,0.0,0.0,0.0,0.0,0.0,100.0,0.0,0.0,0.0,0.0,0.0
A Perfect World cd2.avi_shot_3514_3520..avi.mp4,0.0,0.0,0.0,0.0,0.0,0.0,0.0,0.0,0.0,0.0,0.0,0.0,100.0,0.0
A Perfect World cd2.avi_shot_3520_3526..avi.mp4,0.0,0.0,0.0,0.0,0.0,0.0,0.0,0.0,0.0,0.0,0.0,0.0,0.0,100.0
A Perfect World cd2.avi_shot_3565_3581..avi.mp4,0.0,0.0,0.0,0.0,100.0,0.0,0.0,0.0,0.0,0.0,0.0,0.0,0.0,0.0
A Perfect World cd2.avi_shot_613_617..avi.mp4,0.0,0.0,0.0,0.0,0.0,0.0,0.0,0.0,100.0,0.0,0.0,0.0,0.0,0.0
A Perfect World cd2.avi_shot_809_813..avi.mp4,0.0,0.0,0.0,0.0,0.0,100.0,0.0,0.0,0.0,0.0,0.0,0.0,0.0,0.0
Absolute Power cd1.avi_shot_1069_1074..avi.mp4,0.0,0.0,0.0,0.0,100.0,0.0,0.0,0.0,0.0,0.0,0.0,0.0,0.0,0.0
Absolute Power cd1.avi_shot_1250_1255..avi.mp4,0.0,0.0,0.0,0.0,0.0,0.0,0.0,0.0,100.0,0.0,0.0,0.0,0.0,0.0
Absolute Power cd1.avi_shot_1395_1408..avi.mp4,0.0,0.0,0.0,0.0,0.0,100.0,0.0,0.0,0.0,0.0,0.0,0.0,0.0,0.0
Absolute Power cd1.avi_shot_1822_1826..avi.mp4,0.0,0.0,0.0,0.0,100.0,0.0,0.0,0.0,0.0,0.0,0.0,0.0,0.0,0.0
Absolute Power cd1.avi_shot_2191_2194..avi.mp4,0.0,0.0,0.0,0.0,0.0,100.0,0.0,0.0,0.0,0.0,0.0,0.0,0.0,0.0
Absolute Power cd1.avi_shot_2778_2783..avi.mp4,0.0,0.0,0.0,0.0,100.0,0.0,0.0,0.0,0.0,0.0,0.0,0.0,0.0,0.0
Absolute Power cd1.avi_shot_2878_2889..avi.mp4,0.0,0.0,0.0,0.0,0.0,0.0,0.0,0.0,0.0,0.0,0.0,0.0,0.0,100.0
Absolute Power cd1.avi_shot_3054_3061..avi.mp4,0.0,0.0,0.0,0.0,100.0,0.0,0.0,0.0,0.0,0.0,0.0,0.0,0.0,0.0
Absolute Power cd1.avi_shot_3163_3168..avi.mp4,0.0,0.0,0.0,0.0,100.0,0.0,0.0,0.0,0.0,0.0,0.0,0.0,0.0,0.0
Absolute Power cd1.avi_shot_3175_3178..avi.mp4,0.0,0.0,0.0,0.0,0.0,0.0,0.0,0.0,0.0,100.0,0.0,0.0,0.0,0.0
Absolute Power cd1.avi_shot_3419_3426..avi.mp4,0.0,0.0,0.0,0.0,0.0,0.0,0.0,0.0,0.0,0.0,100.0,0.0,0.0,0.0
Absolute Power cd1.avi_shot_635_639..avi.mp4,0.0,0.0,0.0,100.0,0.0,0.0,0.0,0.0,0.0,0.0,0.0,0.0,0.0,0.0
Absolute Power cd2.avi_shot_1663_1669..avi.mp4,0.0,0.0,0.0,0.0,0.0,0.0,0.0,0.0,100.0,0.0,0.0,0.0,0.0,0.0
Absolute Power cd2.avi_shot_1964_1968..avi.mp4,0.0,0.0,0.0,0.0,0.0,0.0,0.0,0.0,100.0,0.0,0.0,0.0,0.0,0.0
Absolute Power cd2.avi_shot_2364_2378..avi.mp4,0.0,0.0,0.0,0.0,0.0,100.0,0.0,0.0,0.0,0.0,0.0,0.0,0.0,0.0
Absolute Power cd2.avi_shot_2551_2561..avi.mp4,0.0,0.0,0.0,0.0,0.0,0.0,0.0,0.0,100.0,0.0,0.0,0.0,0.0,0.0
Absolute Power cd2.avi_shot_2752_2760..avi.mp4,0.0,0.0,0.0,100.0,0.0,0.0,0.0,0.0,0.0,0.0,0.0,0.0,0.0,0.0
Absolute Power cd2.avi_shot_2879_2885..avi.mp4,0.0,100.0,0.0,0.0,0.0,0.0,0.0,0.0,0.0,0.0,0.0,0.0,0.0,0.0
Absolute Power cd2.avi_shot_2894_2898..avi.mp4,0.0,100.0,0.0,0.0,0.0,0.0,0.0,0.0,0.0,0.0,0.0,0.0,0.0,0.0
Absolute Power cd2.avi_shot_3099_3102..avi.mp4,0.0,0.0,0.0,0.0,0.0,0.0,0.0,0.0,100.0,0.0,0.0,0.0,0.0,0.0
Absolute Power cd2.avi_shot_3268_3273..avi.mp4,0.0,0.0,0.0,0.0,0.0,0.0,100.0,0.0,0.0,0.0,0.0,0.0,0.0,0.0
Absolute Power cd2.avi_shot_439_442..avi.mp4,0.0,0.0,0.0,0.0,0.0,0.0,0.0,0.0,100.0,0.0,0.0,0.0,0.0,0.0
Absolute Power cd2.avi_shot_529_532..avi.mp4,0.0,0.0,0.0,0.0,0.0,0.0,0.0,0.0,0.0,0.0,0.0,0.0,100.0,0.0
Absolute Power cd2.avi_shot_604_613..avi.mp4,0.0,0.0,0.0,0.0,100.0,0.0,0.0,0.0,0.0,0.0,0.0,0.0,0.0,0.0
Absolute Power cd2.avi_shot_994_1001..avi.mp4,0.0,0.0,0.0,0.0,0.0,0.0,0.0,0.0,0.0,0.0,100.0,0.0,0.0,0.0
Alice in Wonderland.mp4_shot_128_133..mp4.mp4,0.0,0.0,0.0,0.0,0.0,0.0,0.0,0.0,100.0,0.0,0.0,0.0,0.0,0.0
Alice in Wonderland.mp4_shot_1579_1585..mp4.mp4,0.0,0.0,0.0,0.0,0.0,100.0,0.0,0.0,0.0,0.0,0.0,0.0,0.0,0.0
Alice in Wonderland.mp4_shot_1769_1776..mp4.mp4,0.0,0.0,0.0,0.0,0.0,0.0,0.0,0.0,100.0,0.0,0.0,0.0,0.0,0.0
Alice in Wonderland.mp4_shot_2033_2036..mp4.mp4,0.0,0.0,0.0,0.0,0.0,100.0,0.0,0.0,0.0,0.0,0.0,0.0,0.0,0.0
Alice in Wonderland.mp4_shot_2036_2038..mp4.mp4,0.0,0.0,0.0,0.0,100.0,0.0,0.0,0.0,0.0,0.0,0.0,0.0,0.0,0.0
Alice in Wonderland.mp4_shot_279_281..mp4.mp4,0.0,0.0,0.0,0.0,0.0,0.0,0.0,0.0,100.0,0.0,0.0,0.0,0.0,0.0
Alice in Wonderland.mp4_shot_2808_2810..mp4.mp4,0.0,0.0,0.0,0.0,0.0,0.0,0.0,0.0,100.0,0.0,0.0,0.0,0.0,0.0
Alice in Wonderland.mp4_shot_2892_2894..mp4.mp4,0.0,0.0,0.0,0.0,0.0,0.0,0.0,0.0,100.0,0.0,0.0,0.0,0.0,0.0
Alice in Wonderland.mp4_shot_2916_2919..mp4.mp4,0.0,0.0,0.0,0.0,0.0,0.0,0.0,0.0,100.0,0.0,0.0,0.0,0.0,0.0
Alice in Wonderland.mp4_shot_3036_3039..mp4.mp4,0.0,0.0,0.0,0.0,0.0,0.0,0.0,0.0,100.0,0.0,0.0,0.0,0.0,0.0
Alice in Wonderland.mp4_shot_3057_3060..mp4.mp4,0.0,0.0,0.0,0.0,0.0,0.0,0.0,0.0,100.0,0.0,0.0,0.0,0.0,0.0
Alice in Wonderland.mp4_shot_3389_3394..mp4.mp4,0.0,0.0,0.0,0.0,0.0,0.0,0.0,0.0,100.0,0.0,0.0,0.0,0.0,0.0
Alice in Wonderland.mp4_shot_3678_3687..mp4.mp4,0.0,0.0,0.0,0.0,0.0,0.0,0.0,0.0,100.0,0.0,0.0,0.0,0.0,0.0
Alice in Wonderland.mp4_shot_3874_3876..mp4.mp4,0.0,0.0,0.0,0.0,100.0,0.0,0.0,0.0,0.0,0.0,0.0,0.0,0.0,0.0
Alice in Wonderland.mp4_shot_3886_3889..mp4.mp4,0.0,0.0,0.0,0.0,0.0,0.0,0.0,0.0,100.0,0.0,0.0,0.0,0.0,0.0
Alice in Wonderland.mp4_shot_3951_3955..mp4.mp4,0.0,0.0,0.0,0.0,100.0,0.0,0.0,0.0,0.0,0.0,0.0,0.0,0.0,0.0
Alice in Wonderland.mp4_shot_4249_4256..mp4.mp4,0.0,0.0,0.0,0.0,0.0,0.0,0.0,0.0,100.0,0.0,0.0,0.0,0.0,0.0
Alice in Wonderland.mp4_shot_428_432..mp4.mp4,0.0,0.0,0.0,0.0,0.0,0.0,0.0,0.0,100.0,0.0,0.0,0.0,0.0,0.0
Alice in Wonderland.mp4_shot_4338_4345..mp4.mp4,0.0,0.0,0.0,0.0,0.0,0.0,0.0,0.0,100.0,0.0,0.0,0.0,0.0,0.0
Alice in Wonderland.mp4_shot_4758_4761..mp4.mp4,0.0,0.0,0.0,0.0,0.0,0.0,0.0,0.0,50.0,0.0,0.0,50.0,0.0,0.0
Alice in Wonderland.mp4_shot_4818_4821..mp4.mp4,0.0,0.0,0.0,0.0,0.0,100.0,0.0,0.0,0.0,0.0,0.0,0.0,0.0,0.0
Alice in Wonderland.mp4_shot_5180_5184..mp4.mp4,0.0,0.0,0.0,0.0,0.0,0.0,0.0,0.0,100.0,0.0,0.0,0.0,0.0,0.0
Alice in Wonderland.mp4_shot_5219_5222..mp4.mp4,0.0,0.0,0.0,0.0,0.0,0.0,0.0,0.0,100.0,0.0,0.0,0.0,0.0,0.0
Alice in Wonderland.mp4_shot_5428_5430..mp4.mp4,0.0,0.0,0.0,0.0,0.0,0.0,0.0,0.0,0.0,0.0,100.0,0.0,0.0,0.0
Alice in Wonderland.mp4_shot_575_577..mp4.mp4,0.0,0.0,0.0,0.0,0.0,0.0,0.0,0.0,100.0,0.0,0.0,0.0,0.0,0.0
Alice in Wonderland.mp4_shot_641_645..mp4.mp4,0.0,0.0,0.0,0.0,0.0,0.0,0.0,0.0,0.0,100.0,0.0,0.0,0.0,0.0
Alice in Wonderland.mp4_shot_678_682..mp4.mp4,0.0,0.0,0.0,0.0,0.0,0.0,0.0,0.0,100.0,0.0,0.0,0.0,0.0,0.0
Alice in Wonderland.mp4_shot_699_702..mp4.mp4,0.0,0.0,0.0,0.0,0.0,0.0,0.0,0.0,100.0,0.0,0.0,0.0,0.0,0.0
Alice in Wonderland.mp4_shot_926_947..mp4.mp4,0.0,0.0,0.0,0.0,0.0,0.0,0.0,0.0,100.0,0.0,0.0,0.0,0.0,0.0
Alien (1979).mp4_shot_1149_1161..mp4.mp4,0.0,0.0,0.0,100.0,0.0,0.0,0.0,0.0,0.0,0.0,0.0,0.0,0.0,0.0
Alien (1979).mp4_shot_1206_1226..mp4.mp4,0.0,0.0,0.0,100.0,0.0,0.0,0.0,0.0,0.0,0.0,0.0,0.0,0.0,0.0
Alien (1979).mp4_shot_2745_2758..mp4.mp4,0.0,0.0,0.0,0.0,0.0,0.0,0.0,0.0,100.0,0.0,0.0,0.0,0.0,0.0
Alien (1979).mp4_shot_3995_4012..mp4.mp4,0.0,0.0,0.0,0.0,0.0,0.0,0.0,0.0,100.0,0.0,0.0,0.0,0.0,0.0
Alien (1979).mp4_shot_4188_4201..mp4.mp4,0.0,0.0,0.0,0.0,0.0,0.0,0.0,0.0,100.0,0.0,0.0,0.0,0.0,0.0
Alien (1979).mp4_shot_5075_5097..mp4.mp4,0.0,0.0,0.0,0.0,0.0,0.0,0.0,0.0,100.0,0.0,0.0,0.0,0.0,0.0
Alien (1979).mp4_shot_5527_5534..mp4.mp4,0.0,0.0,0.0,0.0,0.0,0.0,0.0,0.0,100.0,0.0,0.0,0.0,0.0,0.0
Alien (1979).mp4_shot_6156_6161..mp4.mp4,0.0,0.0,0.0,100.0,0.0,0.0,0.0,0.0,0.0,0.0,0.0,0.0,0.0,0.0
Aliens (1986).mp4_shot_1883_1890..mp4.mp4,0.0,0.0,0.0,0.0,0.0,0.0,0.0,0.0,100.0,0.0,0.0,0.0,0.0,0.0
Aliens (1986).mp4_shot_2029_2037..mp4.mp4,0.0,0.0,0.0,0.0,0.0,0.0,0.0,0.0,100.0,0.0,0.0,0.0,0.0,0.0
Aliens (1986).mp4_shot_3015_3021..mp4.mp4,0.0,0.0,0.0,100.0,0.0,0.0,0.0,0.0,0.0,0.0,0.0,0.0,0.0,0.0
Aliens (1986).mp4_shot_4191_4200..mp4.mp4,0.0,0.0,0.0,0.0,100.0,0.0,0.0,0.0,0.0,0.0,0.0,0.0,0.0,0.0
Aliens (1986).mp4_shot_6882_6890..mp4.mp4,0.0,0.0,0.0,0.0,0.0,0.0,100.0,0.0,0.0,0.0,0.0,0.0,0.0,0.0
Amadeus (1984).mp4_shot_10492_10819..mp4.mp4,0.0,0.0,0.0,0.0,100.0,0.0,0.0,0.0,0.0,0.0,0.0,0.0,0.0,0.0
Amadeus (1984).mp4_shot_2404_2410..mp4.mp4,0.0,0.0,0.0,0.0,0.0,0.0,0.0,0.0,100.0,0.0,0.0,0.0,0.0,0.0
Amadeus (1984).mp4_shot_2555_2561..mp4.mp4,0.0,0.0,0.0,0.0,0.0,0.0,0.0,0.0,100.0,0.0,0.0,0.0,0.0,0.0
Amadeus (1984).mp4_shot_2606_2614..mp4.mp4,0.0,0.0,0.0,0.0,0.0,100.0,0.0,0.0,0.0,0.0,0.0,0.0,0.0,0.0
Amadeus (1984).mp4_shot_2961_2967..mp4.mp4,0.0,0.0,0.0,0.0,0.0,0.0,0.0,0.0,100.0,0.0,0.0,0.0,0.0,0.0
Amadeus (1984).mp4_shot_5116_5120..mp4.mp4,0.0,0.0,0.0,0.0,0.0,0.0,0.0,0.0,100.0,0.0,0.0,0.0,0.0,0.0
Amadeus (1984).mp4_shot_5191_5206..mp4.mp4,0.0,0.0,0.0,0.0,0.0,0.0,0.0,0.0,100.0,0.0,0.0,0.0,0.0,0.0
Amadeus (1984).mp4_shot_655_666..mp4.mp4,0.0,0.0,0.0,0.0,0.0,0.0,0.0,0.0,100.0,0.0,0.0,0.0,0.0,0.0
Amadeus (1984).mp4_shot_6723_6730..mp4.mp4,0.0,0.0,0.0,0.0,0.0,0.0,0.0,0.0,100.0,0.0,0.0,0.0,0.0,0.0
Amadeus (1984).mp4_shot_7469_7477..mp4.mp4,0.0,0.0,0.0,0.0,0.0,0.0,0.0,0.0,100.0,0.0,0.0,0.0,0.0,0.0
Amadeus (1984).mp4_shot_7774_7777..mp4.mp4,0.0,0.0,0.0,0.0,0.0,100.0,0.0,0.0,0.0,0.0,0.0,0.0,0.0,0.0
Amadeus (1984).mp4_shot_9050_9054..mp4.mp4,0.0,0.0,0.0,0.0,0.0,0.0,0.0,0.0,0.0,100.0,0.0,0.0,0.0,0.0
Amadeus (1984).mp4_shot_9070_9078..mp4.mp4,0.0,0.0,0.0,0.0,0.0,0.0,0.0,100.0,0.0,0.0,0.0,0.0,0.0,0.0
Amadeus (1984).mp4_shot_9435_9442..mp4.mp4,0.0,0.0,0.0,0.0,0.0,0.0,0.0,0.0,100.0,0.0,0.0,0.0,0.0,0.0
Amadeus (1984).mp4_shot_9547_9553..mp4.mp4,0.0,0.0,0.0,0.0,0.0,0.0,0.0,0.0,100.0,0.0,0.0,0.0,0.0,0.0
American Beauty (1999).mp4_shot_1157_1172..mp4.mp4,0.0,0.0,0.0,0.0,0.0,0.0,0.0,0.0,100.0,0.0,0.0,0.0,0.0,0.0
American Beauty (1999).mp4_shot_170_191..mp4.mp4,0.0,0.0,0.0,0.0,0.0,0.0,0.0,0.0,0.0,0.0,0.0,0.0,0.0,100.0
American Beauty (1999).mp4_shot_4453_4460..mp4.mp4,0.0,0.0,100.0,0.0,0.0,0.0,0.0,0.0,0.0,0.0,0.0,0.0,0.0,0.0
American Beauty (1999).mp4_shot_5738_5755..mp4.mp4,0.0,0.0,0.0,0.0,100.0,0.0,0.0,0.0,0.0,0.0,0.0,0.0,0.0,0.0
American Beauty (1999).mp4_shot_5974_5982..mp4.mp4,0.0,0.0,0.0,0.0,0.0,0.0,0.0,0.0,100.0,0.0,0.0,0.0,0.0,0.0
American Beauty (1999).mp4_shot_6851_6857..mp4.mp4,0.0,0.0,0.0,0.0,0.0,0.0,0.0,0.0,0.0,0.0,100.0,0.0,0.0,0.0
American Beauty (1999).mp4_shot_904_911..mp4.mp4,0.0,0.0,0.0,0.0,0.0,100.0,0.0,0.0,0.0,0.0,0.0,0.0,0.0,0.0
American Beauty (1999).mp4_shot_951_962..mp4.mp4,0.0,0.0,0.0,0.0,0.0,0.0,0.0,0.0,0.0,0.0,0.0,0.0,0.0,100.0
American History X (1998).avi_shot_1352_1354..avi.mp4,0.0,0.0,0.0,100.0,0.0,0.0,0.0,0.0,0.0,0.0,0.0,0.0,0.0,0.0
American History X (1998).avi_shot_2578_2586..avi.mp4,0.0,0.0,0.0,0.0,0.0,0.0,0.0,0.0,100.0,0.0,0.0,0.0,0.0,0.0
American History X (1998).avi_shot_6390_6397..avi.mp4,0.0,0.0,0.0,0.0,0.0,0.0,0.0,0.0,100.0,0.0,0.0,0.0,0.0,0.0
American History X (1998).avi_shot_872_895..avi.mp4,0.0,0.0,0.0,100.0,0.0,0.0,0.0,0.0,0.0,0.0,0.0,0.0,0.0,0.0
Casablanca (1942).avi_shot_3093_3102..avi.mp4,0.0,0.0,0.0,0.0,0.0,0.0,0.0,0.0,100.0,0.0,0.0,0.0,0.0,0.0
Casablanca (1942).avi_shot_339_346..avi.mp4,0.0,0.0,0.0,0.0,0.0,0.0,0.0,0.0,100.0,0.0,0.0,0.0,0.0,0.0
Casablanca (1942).avi_shot_3543_3555..avi.mp4,0.0,0.0,0.0,0.0,0.0,0.0,0.0,0.0,100.0,0.0,0.0,0.0,0.0,0.0
Casablanca (1942).avi_shot_3721_3750..avi.mp4,0.0,0.0,0.0,0.0,0.0,0.0,0.0,0.0,100.0,0.0,0.0,0.0,0.0,0.0
Casablanca (1942).avi_shot_3995_4005..avi.mp4,0.0,0.0,0.0,0.0,0.0,0.0,0.0,0.0,100.0,0.0,0.0,0.0,0.0,0.0
Casablanca (1942).avi_shot_5656_5660..avi.mp4,0.0,0.0,0.0,0.0,0.0,0.0,0.0,0.0,0.0,0.0,100.0,0.0,0.0,0.0
Casablanca (1942).avi_shot_814_827..avi.mp4,0.0,0.0,0.0,0.0,0.0,0.0,0.0,0.0,0.0,0.0,0.0,100.0,0.0,0.0
Casablanca (1942).avi_shot_946_952..avi.mp4,0.0,0.0,0.0,0.0,0.0,0.0,0.0,0.0,0.0,0.0,0.0,100.0,0.0,0.0
Casino (1995).mp4_shot_1203_1209..mp4.mp4,100.0,0.0,0.0,0.0,0.0,0.0,0.0,0.0,0.0,0.0,0.0,0.0,0.0,0.0
Casino (1995).mp4_shot_4215_4220..mp4.mp4,0.0,0.0,0.0,0.0,0.0,0.0,0.0,0.0,100.0,0.0,0.0,0.0,0.0,0.0
Casino (1995).mp4_shot_4428_4435..mp4.mp4,0.0,0.0,0.0,0.0,0.0,0.0,0.0,0.0,100.0,0.0,0.0,0.0,0.0,0.0
Casino (1995).mp4_shot_4553_4570..mp4.mp4,0.0,0.0,0.0,0.0,0.0,0.0,0.0,0.0,100.0,0.0,0.0,0.0,0.0,0.0
Casino (1995).mp4_shot_5575_5589..mp4.mp4,0.0,0.0,0.0,0.0,0.0,100.0,0.0,0.0,0.0,0.0,0.0,0.0,0.0,0.0
Casino (1995).mp4_shot_5763_5769..mp4.mp4,0.0,0.0,0.0,0.0,0.0,0.0,0.0,0.0,100.0,0.0,0.0,0.0,0.0,0.0
Casino (1995).mp4_shot_6017_6023..mp4.mp4,100.0,0.0,0.0,0.0,0.0,0.0,0.0,0.0,0.0,0.0,0.0,0.0,0.0,0.0
Casino (1995).mp4_shot_6423_6429..mp4.mp4,0.0,0.0,0.0,0.0,0.0,0.0,0.0,0.0,100.0,0.0,0.0,0.0,0.0,0.0
Casino (1995).mp4_shot_8479_8486..mp4.mp4,0.0,0.0,0.0,0.0,0.0,0.0,0.0,0.0,100.0,0.0,0.0,0.0,0.0,0.0
Casino (1995).mp4_shot_9585_9607..mp4.mp4,0.0,0.0,0.0,0.0,0.0,0.0,0.0,0.0,100.0,0.0,0.0,0.0,0.0,0.0
Casino (1995).mp4_shot_9794_9804..mp4.mp4,0.0,0.0,0.0,0.0,0.0,0.0,0.0,0.0,0.0,0.0,0.0,100.0,0.0,0.0
Cassandra_s Dream.avi_shot_1335_1362..avi.mp4,0.0,0.0,0.0,0.0,0.0,0.0,0.0,0.0,0.0,0.0,0.0,0.0,0.0,100.0
Cassandra_s Dream.avi_shot_2496_2510..avi.mp4,0.0,0.0,0.0,0.0,0.0,0.0,0.0,0.0,100.0,0.0,0.0,0.0,0.0,0.0
Cassandra_s Dream.avi_shot_3579_3587..avi.mp4,0.0,0.0,0.0,0.0,0.0,0.0,0.0,100.0,0.0,0.0,0.0,0.0,0.0,0.0
Celebrity.avi_shot_112_115..avi.mp4,0.0,0.0,0.0,0.0,0.0,0.0,0.0,0.0,100.0,0.0,0.0,0.0,0.0,0.0
Celebrity.avi_shot_2037_2047..avi.mp4,0.0,0.0,0.0,0.0,0.0,0.0,0.0,0.0,100.0,0.0,0.0,0.0,0.0,0.0
Celebrity.avi_shot_2415_2439..avi.mp4,0.0,0.0,0.0,0.0,0.0,100.0,0.0,0.0,0.0,0.0,0.0,0.0,0.0,0.0
Celebrity.avi_shot_3465_3468..avi.mp4,0.0,0.0,0.0,0.0,0.0,0.0,0.0,0.0,0.0,0.0,0.0,100.0,0.0,0.0
Celebrity.avi_shot_4165_4170..avi.mp4,0.0,0.0,0.0,0.0,0.0,0.0,0.0,0.0,100.0,0.0,0.0,0.0,0.0,0.0
Celebrity.avi_shot_4853_4872..avi.mp4,0.0,0.0,0.0,0.0,0.0,0.0,0.0,0.0,100.0,0.0,0.0,0.0,0.0,0.0
Chinatown (1974).mp4_shot_4803_4819..mp4.mp4,0.0,100.0,0.0,0.0,0.0,0.0,0.0,0.0,0.0,0.0,0.0,0.0,0.0,0.0
Cinema Paradiso (Nuovo cinema Paradiso) (1989).mp4_shot_1752_1755..mp4.mp4,0.0,0.0,0.0,0.0,0.0,0.0,0.0,0.0,100.0,0.0,0.0,0.0,0.0,0.0
Cinema Paradiso (Nuovo cinema Paradiso) (1989).mp4_shot_1879_1910..mp4.mp4,0.0,0.0,0.0,0.0,0.0,0.0,0.0,100.0,0.0,0.0,0.0,0.0,0.0,0.0
Cinema Paradiso (Nuovo cinema Paradiso) (1989).mp4_shot_2133_2137..mp4.mp4,0.0,0.0,0.0,0.0,0.0,0.0,0.0,0.0,0.0,100.0,0.0,0.0,0.0,0.0
Cinema Paradiso (Nuovo cinema Paradiso) (1989).mp4_shot_2228_2233..mp4.mp4,0.0,0.0,0.0,0.0,0.0,0.0,0.0,0.0,0.0,0.0,0.0,0.0,100.0,0.0
Cinema Paradiso (Nuovo cinema Paradiso) (1989).mp4_shot_2577_2585..mp4.mp4,0.0,0.0,0.0,0.0,0.0,0.0,0.0,0.0,0.0,0.0,100.0,0.0,0.0,0.0
Cinema Paradiso (Nuovo cinema Paradiso) (1989).mp4_shot_3180_3185..mp4.mp4,0.0,0.0,0.0,0.0,0.0,0.0,0.0,0.0,100.0,0.0,0.0,0.0,0.0,0.0
Cinema Paradiso (Nuovo cinema Paradiso) (1989).mp4_shot_4249_4257..mp4.mp4,0.0,0.0,0.0,0.0,0.0,0.0,0.0,0.0,100.0,0.0,0.0,0.0,0.0,0.0
Cinema Paradiso (Nuovo cinema Paradiso) (1989).mp4_shot_4459_4463..mp4.mp4,0.0,0.0,0.0,0.0,0.0,0.0,0.0,0.0,100.0,0.0,0.0,0.0,0.0,0.0
Cinema Paradiso (Nuovo cinema Paradiso) (1989).mp4_shot_5385_5390..mp4.mp4,0.0,0.0,0.0,0.0,0.0,0.0,0.0,0.0,100.0,0.0,0.0,0.0,0.0,0.0
Cinema Paradiso (Nuovo cinema Paradiso) (1989).mp4_shot_5440_5447..mp4.mp4,0.0,0.0,0.0,0.0,0.0,0.0,0.0,0.0,0.0,0.0,100.0,0.0,0.0,0.0
Cinema Paradiso (Nuovo cinema Paradiso) (1989).mp4_shot_581_587..mp4.mp4,0.0,0.0,0.0,0.0,0.0,0.0,0.0,0.0,100.0,0.0,0.0,0.0,0.0,0.0
Cinema Paradiso (Nuovo cinema Paradiso) (1989).mp4_shot_5825_5829..mp4.mp4,0.0,0.0,0.0,100.0,0.0,0.0,0.0,0.0,0.0,0.0,0.0,0.0,0.0,0.0
Cinema Paradiso (Nuovo cinema Paradiso) (1989).mp4_shot_7474_7477..mp4.mp4,0.0,0.0,0.0,0.0,0.0,0.0,0.0,0.0,0.0,0.0,0.0,0.0,100.0,0.0
Cinema Paradiso (Nuovo cinema Paradiso) (1989).mp4_shot_8221_8230..mp4.mp4,0.0,0.0,0.0,0.0,0.0,0.0,0.0,0.0,100.0,0.0,0.0,0.0,0.0,0.0
Cinema Paradiso (Nuovo cinema Paradiso) (1989).mp4_shot_9074_9115..mp4.mp4,0.0,0.0,0.0,0.0,0.0,0.0,0.0,0.0,100.0,0.0,0.0,0.0,0.0,0.0
City of God (Cidade de Deus) (2002).avi_shot_1850_1857..avi.mp4,0.0,0.0,0.0,0.0,0.0,0.0,0.0,0.0,100.0,0.0,0.0,0.0,0.0,0.0
City of God (Cidade de Deus) (2002).avi_shot_1922_1929..avi.mp4,0.0,100.0,0.0,0.0,0.0,0.0,0.0,0.0,0.0,0.0,0.0,0.0,0.0,0.0
City of God (Cidade de Deus) (2002).avi_shot_2138_2147..avi.mp4,0.0,0.0,0.0,0.0,0.0,100.0,0.0,0.0,0.0,0.0,0.0,0.0,0.0,0.0
City of God (Cidade de Deus) (2002).avi_shot_2147_2155..avi.mp4,0.0,0.0,0.0,0.0,0.0,0.0,0.0,0.0,100.0,0.0,0.0,0.0,0.0,0.0
City of God (Cidade de Deus) (2002).avi_shot_3645_3652..avi.mp4,0.0,0.0,0.0,0.0,0.0,0.0,0.0,0.0,0.0,0.0,0.0,0.0,0.0,100.0
City of God (Cidade de Deus) (2002).avi_shot_3914_3921..avi.mp4,0.0,0.0,100.0,0.0,0.0,0.0,0.0,0.0,0.0,0.0,0.0,0.0,0.0,0.0
City of God (Cidade de Deus) (2002).avi_shot_3987_4011..avi.mp4,0.0,0.0,0.0,0.0,100.0,0.0,0.0,0.0,0.0,0.0,0.0,0.0,0.0,0.0
City of God (Cidade de Deus) (2002).avi_shot_4380_4394..avi.mp4,0.0,0.0,0.0,0.0,0.0,100.0,0.0,0.0,0.0,0.0,0.0,0.0,0.0,0.0
City of God (Cidade de Deus) (2002).avi_shot_709_729..avi.mp4,0.0,0.0,0.0,0.0,0.0,0.0,0.0,100.0,0.0,0.0,0.0,0.0,0.0,0.0
Clockwork Orange A (1971).avi_shot_168_185..avi.mp4,0.0,0.0,0.0,0.0,0.0,0.0,0.0,0.0,100.0,0.0,0.0,0.0,0.0,0.0
Clockwork Orange A (1971).avi_shot_2582_2588..avi.mp4,0.0,0.0,0.0,0.0,0.0,0.0,0.0,0.0,100.0,0.0,0.0,0.0,0.0,0.0
Clockwork Orange A (1971).avi_shot_2748_2792..avi.mp4,0.0,0.0,0.0,0.0,0.0,100.0,0.0,0.0,0.0,0.0,0.0,0.0,0.0,0.0
Clockwork Orange A (1971).avi_shot_356_370..avi.mp4,0.0,0.0,0.0,0.0,0.0,0.0,0.0,0.0,100.0,0.0,0.0,0.0,0.0,0.0
Clockwork Orange A (1971).avi_shot_6548_6558..avi.mp4,0.0,0.0,0.0,0.0,0.0,100.0,0.0,0.0,0.0,0.0,0.0,0.0,0.0,0.0
Clockwork Orange A (1971).avi_shot_845_860..avi.mp4,0.0,0.0,0.0,0.0,0.0,0.0,0.0,0.0,100.0,0.0,0.0,0.0,0.0,0.0
Control (2007).avi_shot_1390_1409..avi.mp4,0.0,0.0,0.0,0.0,0.0,0.0,0.0,0.0,100.0,0.0,0.0,0.0,0.0,0.0
Control (2007).avi_shot_1937_1942..avi.mp4,0.0,0.0,0.0,0.0,100.0,0.0,0.0,0.0,0.0,0.0,0.0,0.0,0.0,0.0
Control (2007).avi_shot_347_360..avi.mp4,0.0,0.0,0.0,0.0,0.0,0.0,0.0,0.0,100.0,0.0,0.0,0.0,0.0,0.0
Control (2007).avi_shot_367_380..avi.mp4,0.0,0.0,0.0,0.0,0.0,0.0,0.0,0.0,100.0,0.0,0.0,0.0,0.0,0.0
Control (2007).avi_shot_3954_4007..avi.mp4,0.0,0.0,0.0,0.0,0.0,0.0,0.0,0.0,100.0,0.0,0.0,0.0,0.0,0.0
Control (2007).avi_shot_512_523..avi.mp4,0.0,0.0,0.0,0.0,0.0,0.0,0.0,0.0,0.0,0.0,0.0,0.0,100.0,0.0
Control (2007).avi_shot_5295_5310..avi.mp4,0.0,0.0,0.0,0.0,100.0,0.0,0.0,0.0,0.0,0.0,0.0,0.0,0.0,0.0
Cool Hand Luke (1967).mp4_shot_1431_1435..mp4.mp4,0.0,0.0,0.0,0.0,0.0,0.0,0.0,0.0,100.0,0.0,0.0,0.0,0.0,0.0
Cool Hand Luke (1967).mp4_shot_1459_1465..mp4.mp4,0.0,0.0,0.0,0.0,0.0,0.0,0.0,0.0,0.0,0.0,0.0,0.0,100.0,0.0
Cool Hand Luke (1967).mp4_shot_1535_1540..mp4.mp4,0.0,0.0,0.0,0.0,0.0,0.0,0.0,0.0,100.0,0.0,0.0,0.0,0.0,0.0
Cool Hand Luke (1967).mp4_shot_1778_1782..mp4.mp4,0.0,0.0,0.0,0.0,0.0,0.0,0.0,0.0,100.0,0.0,0.0,0.0,0.0,0.0
Cool Hand Luke (1967).mp4_shot_187_194..mp4.mp4,0.0,0.0,0.0,0.0,0.0,0.0,0.0,0.0,100.0,0.0,0.0,0.0,0.0,0.0
Cool Hand Luke (1967).mp4_shot_3230_3237..mp4.mp4,0.0,0.0,0.0,0.0,0.0,0.0,0.0,0.0,100.0,0.0,0.0,0.0,0.0,0.0
Cool Hand Luke (1967).mp4_shot_3365_3378..mp4.mp4,0.0,0.0,0.0,0.0,0.0,0.0,0.0,0.0,100.0,0.0,0.0,0.0,0.0,0.0
Cool Hand Luke (1967).mp4_shot_3447_3453..mp4.mp4,0.0,0.0,0.0,0.0,0.0,100.0,0.0,0.0,0.0,0.0,0.0,0.0,0.0,0.0
Cool Hand Luke (1967).mp4_shot_3584_3617..mp4.mp4,0.0,0.0,0.0,0.0,0.0,100.0,0.0,0.0,0.0,0.0,0.0,0.0,0.0,0.0
Cool Hand Luke (1967).mp4_shot_4790_4794..mp4.mp4,0.0,0.0,0.0,0.0,0.0,0.0,0.0,0.0,0.0,0.0,0.0,0.0,100.0,0.0
Cool Hand Luke (1967).mp4_shot_5183_5187..mp4.mp4,0.0,0.0,0.0,0.0,0.0,0.0,0.0,0.0,100.0,0.0,0.0,0.0,0.0,0.0
Cool Hand Luke (1967).mp4_shot_5223_5228..mp4.mp4,0.0,0.0,0.0,0.0,0.0,0.0,0.0,0.0,100.0,0.0,0.0,0.0,0.0,0.0
Corpse Bride.mp4_shot_1152_1155..mp4.mp4,0.0,0.0,0.0,0.0,100.0,0.0,0.0,0.0,0.0,0.0,0.0,0.0,0.0,0.0
Corpse Bride.mp4_shot_1403_1410..mp4.mp4,0.0,0.0,0.0,0.0,0.0,0.0,0.0,0.0,100.0,0.0,0.0,0.0,0.0,0.0
Corpse Bride.mp4_shot_16_24..mp4.mp4,0.0,0.0,0.0,0.0,0.0,0.0,0.0,0.0,0.0,100.0,0.0,0.0,0.0,0.0
Corpse Bride.mp4_shot_177_180..mp4.mp4,0.0,0.0,0.0,0.0,0.0,0.0,0.0,0.0,100.0,0.0,0.0,0.0,0.0,0.0
Corpse Bride.mp4_shot_1801_1804..mp4.mp4,0.0,0.0,0.0,0.0,0.0,0.0,0.0,0.0,100.0,0.0,0.0,0.0,0.0,0.0
Corpse Bride.mp4_shot_2028_2033..mp4.mp4,0.0,0.0,0.0,0.0,0.0,0.0,0.0,0.0,100.0,0.0,0.0,0.0,0.0,0.0
Corpse Bride.mp4_shot_2162_2167..mp4.mp4,0.0,0.0,0.0,0.0,0.0,0.0,0.0,0.0,100.0,0.0,0.0,0.0,0.0,0.0
Corpse Bride.mp4_shot_2308_2313..mp4.mp4,0.0,0.0,0.0,0.0,0.0,0.0,0.0,0.0,100.0,0.0,0.0,0.0,0.0,0.0
Corpse Bride.mp4_shot_2960_2967..mp4.mp4,0.0,0.0,0.0,0.0,0.0,0.0,0.0,0.0,100.0,0.0,0.0,0.0,0.0,0.0
Corpse Bride.mp4_shot_2983_2995..mp4.mp4,100.0,0.0,0.0,0.0,0.0,0.0,0.0,0.0,0.0,0.0,0.0,0.0,0.0,0.0
Corpse Bride.mp4_shot_3057_3063..mp4.mp4,0.0,0.0,0.0,0.0,0.0,0.0,0.0,0.0,100.0,0.0,0.0,0.0,0.0,0.0
Corpse Bride.mp4_shot_3103_3105..mp4.mp4,0.0,0.0,0.0,0.0,0.0,0.0,0.0,0.0,100.0,0.0,0.0,0.0,0.0,0.0
Corpse Bride.mp4_shot_336_342..mp4.mp4,0.0,0.0,0.0,0.0,0.0,0.0,0.0,0.0,100.0,0.0,0.0,0.0,0.0,0.0
Corpse Bride.mp4_shot_4098_4102..mp4.mp4,0.0,0.0,0.0,0.0,0.0,0.0,0.0,0.0,100.0,0.0,0.0,0.0,0.0,0.0
Corpse Bride.mp4_shot_4125_4128..mp4.mp4,0.0,0.0,0.0,0.0,100.0,0.0,0.0,0.0,0.0,0.0,0.0,0.0,0.0,0.0
Corpse Bride.mp4_shot_4335_4339..mp4.mp4,0.0,0.0,0.0,0.0,0.0,0.0,0.0,0.0,100.0,0.0,0.0,0.0,0.0,0.0
Corpse Bride.mp4_shot_727_735..mp4.mp4,0.0,0.0,0.0,0.0,0.0,0.0,0.0,0.0,100.0,0.0,0.0,0.0,0.0,0.0
Crimes and Misdemeanors.avi_shot_1334_1364..avi.mp4,0.0,0.0,0.0,0.0,0.0,0.0,0.0,0.0,0.0,0.0,0.0,0.0,0.0,100.0
Crimes and Misdemeanors.avi_shot_3670_3686..avi.mp4,0.0,0.0,0.0,0.0,0.0,0.0,0.0,0.0,100.0,0.0,0.0,0.0,0.0,0.0
Cul de Sac.avi_shot_2224_2293..avi.mp4,0.0,0.0,0.0,0.0,100.0,0.0,0.0,0.0,0.0,0.0,0.0,0.0,0.0,0.0
Cul de Sac.avi_shot_4372_4413..avi.mp4,0.0,0.0,0.0,0.0,100.0,0.0,0.0,0.0,0.0,0.0,0.0,0.0,0.0,0.0
Cul de Sac.avi_shot_4675_4681..avi.mp4,0.0,0.0,0.0,0.0,0.0,0.0,0.0,0.0,100.0,0.0,0.0,0.0,0.0,0.0
Cul de Sac.avi_shot_4698_4733..avi.mp4,0.0,0.0,0.0,0.0,0.0,0.0,0.0,0.0,100.0,0.0,0.0,0.0,0.0,0.0
Cul de Sac.avi_shot_5133_5145..avi.mp4,0.0,0.0,0.0,0.0,0.0,0.0,0.0,0.0,0.0,0.0,0.0,0.0,100.0,0.0
Cul de Sac.avi_shot_5853_5860..avi.mp4,0.0,0.0,0.0,0.0,0.0,0.0,0.0,0.0,100.0,0.0,0.0,0.0,0.0,0.0
Family Plot.mp4_shot_4033_4097..mp4.mp4,0.0,0.0,0.0,0.0,0.0,0.0,0.0,0.0,0.0,0.0,0.0,0.0,0.0,100.0
Family Plot.mp4_shot_5909_5934..mp4.mp4,0.0,0.0,0.0,0.0,0.0,0.0,0.0,0.0,100.0,0.0,0.0,0.0,0.0,0.0
Family Plot.mp4_shot_6385_6403..mp4.mp4,0.0,0.0,0.0,0.0,0.0,100.0,0.0,0.0,0.0,0.0,0.0,0.0,0.0,0.0
Family Plot.mp4_shot_6643_6651..mp4.mp4,0.0,0.0,0.0,0.0,0.0,0.0,0.0,0.0,0.0,0.0,0.0,0.0,100.0,0.0
Family Plot.mp4_shot_6786_6798..mp4.mp4,0.0,0.0,0.0,0.0,0.0,0.0,0.0,0.0,100.0,0.0,0.0,0.0,0.0,0.0
Fargo.avi_shot_2400_2404..avi.mp4,0.0,0.0,0.0,0.0,0.0,0.0,0.0,0.0,100.0,0.0,0.0,0.0,0.0,0.0
Fargo.avi_shot_3084_3088..avi.mp4,0.0,0.0,0.0,0.0,0.0,0.0,0.0,0.0,100.0,0.0,0.0,0.0,0.0,0.0
Fargo.avi_shot_3648_3653..avi.mp4,0.0,0.0,0.0,0.0,0.0,0.0,0.0,0.0,100.0,0.0,0.0,0.0,0.0,0.0
Fargo.avi_shot_4239_4244..avi.mp4,0.0,0.0,100.0,0.0,0.0,0.0,0.0,0.0,0.0,0.0,0.0,0.0,0.0,0.0
Fargo.avi_shot_4483_4503..avi.mp4,0.0,0.0,0.0,0.0,0.0,100.0,0.0,0.0,0.0,0.0,0.0,0.0,0.0,0.0
Fargo.avi_shot_4890_4895..avi.mp4,0.0,0.0,0.0,0.0,0.0,0.0,0.0,0.0,100.0,0.0,0.0,0.0,0.0,0.0
Fargo.avi_shot_497_503..avi.mp4,0.0,0.0,100.0,0.0,0.0,0.0,0.0,0.0,0.0,0.0,0.0,0.0,0.0,0.0
Fargo.avi_shot_5217_5233..avi.mp4,0.0,0.0,0.0,0.0,100.0,0.0,0.0,0.0,0.0,0.0,0.0,0.0,0.0,0.0
Fight Club (1999).mp4_shot_1126_1135..mp4.mp4,0.0,0.0,0.0,0.0,0.0,0.0,0.0,0.0,100.0,0.0,0.0,0.0,0.0,0.0
Fight Club (1999).mp4_shot_1553_1564..mp4.mp4,0.0,0.0,0.0,100.0,0.0,0.0,0.0,0.0,0.0,0.0,0.0,0.0,0.0,0.0
Fight Club (1999).mp4_shot_3070_3076..mp4.mp4,0.0,0.0,0.0,0.0,0.0,0.0,0.0,0.0,100.0,0.0,0.0,0.0,0.0,0.0
Fight Club (1999).mp4_shot_3105_3111..mp4.mp4,0.0,0.0,0.0,0.0,0.0,0.0,0.0,0.0,0.0,0.0,0.0,100.0,0.0,0.0
Fight Club (1999).mp4_shot_3418_3423..mp4.mp4,0.0,0.0,0.0,0.0,0.0,0.0,0.0,0.0,100.0,0.0,0.0,0.0,0.0,0.0
Fight Club (1999).mp4_shot_3445_3453..mp4.mp4,0.0,0.0,0.0,0.0,0.0,100.0,0.0,0.0,0.0,0.0,0.0,0.0,0.0,0.0
Fight Club (1999).mp4_shot_476_486..mp4.mp4,0.0,0.0,0.0,0.0,0.0,0.0,0.0,0.0,100.0,0.0,0.0,0.0,0.0,0.0
Fight Club (1999).mp4_shot_4776_4794..mp4.mp4,0.0,0.0,0.0,0.0,100.0,0.0,0.0,0.0,0.0,0.0,0.0,0.0,0.0,0.0
Fight Club (1999).mp4_shot_56_59..mp4.mp4,0.0,0.0,0.0,0.0,0.0,0.0,0.0,0.0,0.0,0.0,0.0,100.0,0.0,0.0
Fight Club (1999).mp4_shot_6622_6631..mp4.mp4,0.0,0.0,0.0,0.0,0.0,0.0,0.0,0.0,0.0,0.0,0.0,100.0,0.0,0.0
Fight Club (1999).mp4_shot_6903_6913..mp4.mp4,0.0,0.0,0.0,0.0,0.0,0.0,0.0,0.0,0.0,0.0,0.0,100.0,0.0,0.0
Fight Club (1999).mp4_shot_6952_6959..mp4.mp4,0.0,0.0,0.0,0.0,0.0,0.0,0.0,0.0,0.0,0.0,0.0,0.0,100.0,0.0
Fight Club (1999).mp4_shot_7505_7508..mp4.mp4,0.0,0.0,0.0,0.0,0.0,0.0,0.0,100.0,0.0,0.0,0.0,0.0,0.0,0.0
Fight Club (1999).mp4_shot_8073_8096..mp4.mp4,0.0,0.0,0.0,0.0,100.0,0.0,0.0,0.0,0.0,0.0,0.0,0.0,0.0,0.0
Finding Nemo (2003).mp4_shot_1617_1621..mp4.mp4,0.0,0.0,0.0,0.0,0.0,0.0,0.0,0.0,100.0,0.0,0.0,0.0,0.0,0.0
Finding Nemo (2003).mp4_shot_2018_2040..mp4.mp4,0.0,0.0,0.0,0.0,0.0,0.0,0.0,0.0,0.0,0.0,0.0,0.0,100.0,0.0
Finding Nemo (2003).mp4_shot_4074_4076..mp4.mp4,0.0,0.0,0.0,0.0,0.0,0.0,0.0,0.0,100.0,0.0,0.0,0.0,0.0,0.0
Finding Nemo (2003).mp4_shot_4110_4120..mp4.mp4,0.0,0.0,0.0,0.0,0.0,0.0,0.0,0.0,0.0,0.0,0.0,0.0,100.0,0.0
Finding Nemo (2003).mp4_shot_480_484..mp4.mp4,0.0,0.0,0.0,0.0,0.0,0.0,0.0,100.0,0.0,0.0,0.0,0.0,0.0,0.0
For a Few Dollars More (Per qualche dollaro in più) (1965).avi_shot_4070_4078..avi.mp4,0.0,0.0,0.0,0.0,0.0,100.0,0.0,0.0,0.0,0.0,0.0,0.0,0.0,0.0
For a Few Dollars More (Per qualche dollaro in più) (1965).avi_shot_4540_4547..avi.mp4,0.0,0.0,0.0,0.0,0.0,100.0,0.0,0.0,0.0,0.0,0.0,0.0,0.0,0.0
For a Few Dollars More (Per qualche dollaro in più) (1965).avi_shot_4603_4606..avi.mp4,0.0,0.0,0.0,0.0,0.0,0.0,0.0,0.0,100.0,0.0,0.0,0.0,0.0,0.0
For a Few Dollars More (Per qualche dollaro in più) (1965).avi_shot_4749_4755..avi.mp4,0.0,0.0,0.0,0.0,0.0,0.0,0.0,0.0,0.0,100.0,0.0,0.0,0.0,0.0
For a Few Dollars More (Per qualche dollaro in più) (1965).avi_shot_4774_4777..avi.mp4,0.0,0.0,0.0,0.0,0.0,0.0,0.0,0.0,0.0,0.0,0.0,0.0,100.0,0.0
For a Few Dollars More (Per qualche dollaro in più) (1965).avi_shot_5941_5955..avi.mp4,0.0,0.0,0.0,0.0,0.0,0.0,0.0,0.0,100.0,0.0,0.0,0.0,0.0,0.0
For a Few Dollars More (Per qualche dollaro in più) (1965).avi_shot_6142_6164..avi.mp4,0.0,0.0,0.0,0.0,100.0,0.0,0.0,0.0,0.0,0.0,0.0,0.0,0.0,0.0
For a Few Dollars More (Per qualche dollaro in più) (1965).avi_shot_7046_7058..avi.mp4,0.0,0.0,0.0,0.0,0.0,0.0,0.0,0.0,0.0,0.0,0.0,0.0,100.0,0.0
For a Few Dollars More (Per qualche dollaro in più) (1965).avi_shot_7237_7245..avi.mp4,0.0,0.0,0.0,0.0,0.0,0.0,0.0,0.0,0.0,0.0,0.0,0.0,100.0,0.0
For a Few Dollars More (Per qualche dollaro in più) (1965).avi_shot_7628_7651..avi.mp4,0.0,0.0,0.0,0.0,0.0,100.0,0.0,0.0,0.0,0.0,0.0,0.0,0.0,0.0
For a Few Dollars More (Per qualche dollaro in più) (1965).avi_shot_7834_7878..avi.mp4,100.0,0.0,0.0,0.0,0.0,0.0,0.0,0.0,0.0,0.0,0.0,0.0,0.0,0.0
Foreign Correspondent.mp4_shot_1241_1251..mp4.mp4,0.0,0.0,0.0,0.0,0.0,0.0,0.0,0.0,100.0,0.0,0.0,0.0,0.0,0.0
Foreign Correspondent.mp4_shot_1287_1297..mp4.mp4,0.0,0.0,0.0,0.0,0.0,0.0,0.0,0.0,100.0,0.0,0.0,0.0,0.0,0.0
Foreign Correspondent.mp4_shot_189_207..mp4.mp4,0.0,0.0,0.0,0.0,0.0,0.0,0.0,0.0,100.0,0.0,0.0,0.0,0.0,0.0
Foreign Correspondent.mp4_shot_2587_2594..mp4.mp4,0.0,0.0,0.0,0.0,0.0,0.0,0.0,0.0,100.0,0.0,0.0,0.0,0.0,0.0
Foreign Correspondent.mp4_shot_3034_3086..mp4.mp4,0.0,0.0,0.0,0.0,0.0,0.0,0.0,0.0,100.0,0.0,0.0,0.0,0.0,0.0
Foreign Correspondent.mp4_shot_4718_4747..mp4.mp4,0.0,0.0,0.0,0.0,0.0,0.0,0.0,0.0,0.0,0.0,0.0,100.0,0.0,0.0
Foreign Correspondent.mp4_shot_5457_5463..mp4.mp4,0.0,0.0,0.0,0.0,0.0,0.0,0.0,0.0,100.0,0.0,0.0,0.0,0.0,0.0
Foreign Correspondent.mp4_shot_5489_5495..mp4.mp4,0.0,0.0,0.0,0.0,0.0,100.0,0.0,0.0,0.0,0.0,0.0,0.0,0.0,0.0
Foreign Correspondent.mp4_shot_5657_5672..mp4.mp4,0.0,0.0,0.0,0.0,0.0,0.0,0.0,0.0,100.0,0.0,0.0,0.0,0.0,0.0
Forrest Gump (1994).avi_shot_1136_1153..avi.mp4,100.0,0.0,0.0,0.0,0.0,0.0,0.0,0.0,0.0,0.0,0.0,0.0,0.0,0.0
Forrest Gump (1994).avi_shot_3689_3718..avi.mp4,0.0,0.0,0.0,0.0,0.0,0.0,0.0,0.0,0.0,0.0,100.0,0.0,0.0,0.0
Forrest Gump (1994).avi_shot_4669_4696..avi.mp4,0.0,0.0,0.0,0.0,0.0,0.0,0.0,0.0,0.0,0.0,0.0,0.0,0.0,100.0
Forrest Gump (1994).avi_shot_5029_5042..avi.mp4,0.0,0.0,0.0,0.0,0.0,0.0,0.0,0.0,100.0,0.0,0.0,0.0,0.0,0.0
Forrest Gump (1994).avi_shot_5258_5265..avi.mp4,0.0,0.0,0.0,0.0,0.0,0.0,0.0,0.0,0.0,0.0,0.0,0.0,100.0,0.0
Forrest Gump (1994).avi_shot_5265_5275..avi.mp4,0.0,0.0,0.0,0.0,0.0,0.0,0.0,0.0,100.0,0.0,0.0,0.0,0.0,0.0
Forrest Gump (1994).avi_shot_5960_5973..avi.mp4,0.0,0.0,0.0,0.0,0.0,0.0,0.0,0.0,0.0,0.0,0.0,0.0,100.0,0.0
Forrest Gump (1994).avi_shot_6128_6134..avi.mp4,0.0,0.0,0.0,0.0,0.0,0.0,0.0,0.0,0.0,0.0,0.0,0.0,0.0,100.0
Frankenweenie.mp4_shot_1058_1064..mp4.mp4,0.0,0.0,0.0,0.0,0.0,0.0,0.0,0.0,100.0,0.0,0.0,0.0,0.0,0.0
Frankenweenie.mp4_shot_1847_1853..mp4.mp4,0.0,0.0,0.0,0.0,0.0,0.0,0.0,0.0,100.0,0.0,0.0,0.0,0.0,0.0
Frankenweenie.mp4_shot_1947_1952..mp4.mp4,0.0,0.0,0.0,0.0,0.0,0.0,0.0,0.0,100.0,0.0,0.0,0.0,0.0,0.0
Frankenweenie.mp4_shot_2171_2174..mp4.mp4,0.0,0.0,0.0,0.0,0.0,0.0,0.0,0.0,0.0,0.0,0.0,0.0,100.0,0.0
Frankenweenie.mp4_shot_2174_2176..mp4.mp4,0.0,0.0,0.0,0.0,0.0,0.0,0.0,0.0,100.0,0.0,0.0,0.0,0.0,0.0
Frankenweenie.mp4_shot_2181_2183..mp4.mp4,0.0,0.0,0.0,0.0,0.0,0.0,0.0,0.0,100.0,0.0,0.0,0.0,0.0,0.0
Frankenweenie.mp4_shot_2241_2248..mp4.mp4,0.0,0.0,0.0,0.0,0.0,100.0,0.0,0.0,0.0,0.0,0.0,0.0,0.0,0.0
Frankenweenie.mp4_shot_2877_2889..mp4.mp4,0.0,0.0,0.0,0.0,0.0,0.0,0.0,0.0,100.0,0.0,0.0,0.0,0.0,0.0
Frankenweenie.mp4_shot_301_304..mp4.mp4,0.0,0.0,0.0,0.0,0.0,0.0,0.0,0.0,100.0,0.0,0.0,0.0,0.0,0.0
Frankenweenie.mp4_shot_3080_3083..mp4.mp4,0.0,0.0,0.0,0.0,0.0,0.0,0.0,0.0,100.0,0.0,0.0,0.0,0.0,0.0
Frankenweenie.mp4_shot_3348_3351..mp4.mp4,0.0,0.0,0.0,0.0,0.0,0.0,0.0,0.0,100.0,0.0,0.0,0.0,0.0,0.0
Frankenweenie.mp4_shot_3362_3367..mp4.mp4,0.0,0.0,0.0,0.0,0.0,0.0,0.0,0.0,100.0,0.0,0.0,0.0,0.0,0.0
Frankenweenie.mp4_shot_3469_3473..mp4.mp4,0.0,0.0,0.0,0.0,100.0,0.0,0.0,0.0,0.0,0.0,0.0,0.0,0.0,0.0
Frankenweenie.mp4_shot_4125_4128..mp4.mp4,0.0,0.0,0.0,0.0,0.0,0.0,0.0,0.0,100.0,0.0,0.0,0.0,0.0,0.0
Frankenweenie.mp4_shot_4195_4198..mp4.mp4,0.0,0.0,0.0,0.0,0.0,0.0,0.0,0.0,100.0,0.0,0.0,0.0,0.0,0.0
Frankenweenie.mp4_shot_4251_4254..mp4.mp4,0.0,0.0,0.0,0.0,0.0,0.0,0.0,0.0,100.0,0.0,0.0,0.0,0.0,0.0
Frankenweenie.mp4_shot_4320_4322..mp4.mp4,0.0,0.0,0.0,0.0,0.0,0.0,0.0,0.0,100.0,0.0,0.0,0.0,0.0,0.0
Frankenweenie.mp4_shot_4368_4371..mp4.mp4,0.0,0.0,0.0,0.0,0.0,0.0,0.0,0.0,100.0,0.0,0.0,0.0,0.0,0.0
Frankenweenie.mp4_shot_4392_4396..mp4.mp4,0.0,0.0,0.0,0.0,0.0,0.0,0.0,0.0,0.0,0.0,0.0,0.0,100.0,0.0
Frankenweenie.mp4_shot_4709_4719..mp4.mp4,0.0,0.0,0.0,0.0,0.0,0.0,0.0,0.0,100.0,0.0,0.0,0.0,0.0,0.0
Frankenweenie.mp4_shot_724_730..mp4.mp4,0.0,0.0,0.0,0.0,0.0,0.0,0.0,0.0,100.0,0.0,0.0,0.0,0.0,0.0
Frankenweenie.mp4_shot_834_838..mp4.mp4,0.0,0.0,0.0,0.0,0.0,0.0,0.0,0.0,100.0,0.0,0.0,0.0,0.0,0.0
Frankenweenie.mp4_shot_881_883..mp4.mp4,0.0,0.0,0.0,0.0,0.0,0.0,0.0,0.0,0.0,0.0,0.0,0.0,100.0,0.0
Frankenweenie.mp4_shot_909_912..mp4.mp4,0.0,0.0,0.0,0.0,100.0,0.0,0.0,0.0,0.0,0.0,0.0,0.0,0.0,0.0
Frenzy.mp4_shot_1765_1780..mp4.mp4,0.0,0.0,0.0,0.0,100.0,0.0,0.0,0.0,0.0,0.0,0.0,0.0,0.0,0.0
Frenzy.mp4_shot_3008_3015..mp4.mp4,0.0,0.0,0.0,0.0,0.0,0.0,0.0,0.0,0.0,0.0,100.0,0.0,0.0,0.0
Frenzy.mp4_shot_3342_3382..mp4.mp4,0.0,0.0,0.0,0.0,0.0,0.0,0.0,0.0,100.0,0.0,0.0,0.0,0.0,0.0
Frenzy.mp4_shot_5188_5196..mp4.mp4,0.0,0.0,0.0,0.0,0.0,0.0,0.0,0.0,100.0,0.0,0.0,0.0,0.0,0.0
Frenzy.mp4_shot_5600_5616..mp4.mp4,0.0,0.0,0.0,0.0,0.0,0.0,0.0,0.0,100.0,0.0,0.0,0.0,0.0,0.0
Frenzy.mp4_shot_6023_6028..mp4.mp4,0.0,0.0,0.0,0.0,0.0,0.0,0.0,0.0,100.0,0.0,0.0,0.0,0.0,0.0
Frenzy.mp4_shot_6028_6041..mp4.mp4,0.0,0.0,0.0,0.0,0.0,0.0,0.0,0.0,100.0,0.0,0.0,0.0,0.0,0.0
Gladiator (2000).mp4_shot_1409_1419..mp4.mp4,0.0,0.0,0.0,0.0,0.0,0.0,0.0,0.0,100.0,0.0,0.0,0.0,0.0,0.0
Gladiator (2000).mp4_shot_1464_1474..mp4.mp4,0.0,0.0,0.0,100.0,0.0,0.0,0.0,0.0,0.0,0.0,0.0,0.0,0.0,0.0
Gladiator (2000).mp4_shot_2881_2884..mp4.mp4,0.0,0.0,0.0,0.0,100.0,0.0,0.0,0.0,0.0,0.0,0.0,0.0,0.0,0.0
Gladiator (2000).mp4_shot_4396_4408..mp4.mp4,0.0,0.0,0.0,0.0,0.0,100.0,0.0,0.0,0.0,0.0,0.0,0.0,0.0,0.0
Gladiator (2000).mp4_shot_4664_4669..mp4.mp4,100.0,0.0,0.0,0.0,0.0,0.0,0.0,0.0,0.0,0.0,0.0,0.0,0.0,0.0
Gladiator (2000).mp4_shot_5399_5404..mp4.mp4,0.0,0.0,0.0,0.0,0.0,0.0,0.0,0.0,0.0,0.0,100.0,0.0,0.0,0.0
Gladiator (2000).mp4_shot_6575_6581..mp4.mp4,0.0,0.0,0.0,0.0,0.0,0.0,0.0,0.0,0.0,0.0,0.0,0.0,0.0,100.0
Gladiator (2000).mp4_shot_6896_6900..mp4.mp4,0.0,0.0,0.0,0.0,0.0,0.0,0.0,0.0,100.0,0.0,0.0,0.0,0.0,0.0
Gladiator (2000).mp4_shot_7053_7056..mp4.mp4,0.0,0.0,0.0,0.0,0.0,0.0,0.0,0.0,0.0,0.0,100.0,0.0,0.0,0.0
Gladiator (2000).mp4_shot_7388_7391..mp4.mp4,0.0,0.0,0.0,0.0,0.0,100.0,0.0,0.0,0.0,0.0,0.0,0.0,0.0,0.0
Gladiator (2000).mp4_shot_7482_7489..mp4.mp4,0.0,0.0,0.0,0.0,0.0,100.0,0.0,0.0,0.0,0.0,0.0,0.0,0.0,0.0
Gladiator (2000).mp4_shot_7662_7668..mp4.mp4,0.0,0.0,0.0,0.0,0.0,100.0,0.0,0.0,0.0,0.0,0.0,0.0,0.0,0.0
Gladiator (2000).mp4_shot_7733_7745..mp4.mp4,0.0,0.0,0.0,0.0,100.0,0.0,0.0,0.0,0.0,0.0,0.0,0.0,0.0,0.0
Gladiator (2000).mp4_shot_8442_8452..mp4.mp4,0.0,0.0,0.0,0.0,0.0,100.0,0.0,0.0,0.0,0.0,0.0,0.0,0.0,0.0
Gladiator (2000).mp4_shot_8547_8558..mp4.mp4,0.0,0.0,0.0,0.0,0.0,0.0,0.0,0.0,100.0,0.0,0.0,0.0,0.0,0.0
Gladiator (2000).mp4_shot_9341_9343..mp4.mp4,0.0,0.0,0.0,0.0,0.0,0.0,0.0,0.0,100.0,0.0,0.0,0.0,0.0,0.0
Gladiator (2000).mp4_shot_9454_9459..mp4.mp4,0.0,0.0,0.0,0.0,0.0,0.0,0.0,0.0,100.0,0.0,0.0,0.0,0.0,0.0
Godfather Part II The (1974).mp4_shot_230_235..mp4.mp4,0.0,0.0,0.0,0.0,0.0,0.0,0.0,0.0,100.0,0.0,0.0,0.0,0.0,0.0
Godfather Part II The (1974).mp4_shot_2942_2972..mp4.mp4,0.0,0.0,0.0,0.0,0.0,0.0,0.0,0.0,100.0,0.0,0.0,0.0,0.0,0.0
Godfather Part II The (1974).mp4_shot_5115_5131..mp4.mp4,0.0,0.0,0.0,0.0,0.0,0.0,0.0,0.0,100.0,0.0,0.0,0.0,0.0,0.0
Godfather Part II The (1974).mp4_shot_6379_6384..mp4.mp4,0.0,0.0,0.0,0.0,0.0,0.0,0.0,0.0,100.0,0.0,0.0,0.0,0.0,0.0
Godfather Part II The (1974).mp4_shot_6937_6944..mp4.mp4,0.0,0.0,0.0,0.0,0.0,0.0,0.0,0.0,100.0,0.0,0.0,0.0,0.0,0.0
Godfather Part II The (1974).mp4_shot_793_801..mp4.mp4,0.0,0.0,0.0,0.0,0.0,0.0,0.0,0.0,100.0,0.0,0.0,0.0,0.0,0.0
Godfather Part II The (1974).mp4_shot_8607_8614..mp4.mp4,0.0,0.0,0.0,0.0,0.0,0.0,0.0,0.0,100.0,0.0,0.0,0.0,0.0,0.0
Godfather Part II The (1974).mp4_shot_9276_9288..mp4.mp4,0.0,0.0,0.0,0.0,0.0,0.0,0.0,0.0,100.0,0.0,0.0,0.0,0.0,0.0
Godfather Part II The (1974).mp4_shot_9522_9527..mp4.mp4,0.0,0.0,0.0,0.0,0.0,0.0,0.0,0.0,100.0,0.0,0.0,0.0,0.0,0.0
I Am Legend (2007).avi_shot_1154_1164..avi.mp4,0.0,0.0,0.0,0.0,0.0,100.0,0.0,0.0,0.0,0.0,0.0,0.0,0.0,0.0
I Am Legend (2007).avi_shot_1812_1830..avi.mp4,0.0,0.0,0.0,100.0,0.0,0.0,0.0,0.0,0.0,0.0,0.0,0.0,0.0,0.0
I Am Legend (2007).avi_shot_203_206..avi.mp4,0.0,100.0,0.0,0.0,0.0,0.0,0.0,0.0,0.0,0.0,0.0,0.0,0.0,0.0
I Am Legend (2007).avi_shot_4731_4739..avi.mp4,0.0,0.0,0.0,0.0,0.0,0.0,0.0,0.0,100.0,0.0,0.0,0.0,0.0,0.0
I Am Legend (2007).avi_shot_510_517..avi.mp4,0.0,0.0,0.0,0.0,0.0,0.0,0.0,0.0,100.0,0.0,0.0,0.0,0.0,0.0
I Am Legend (2007).avi_shot_571_575..avi.mp4,0.0,0.0,0.0,0.0,0.0,0.0,0.0,0.0,0.0,0.0,0.0,0.0,100.0,0.0
I Am Legend (2007).avi_shot_659_671..avi.mp4,0.0,0.0,0.0,100.0,0.0,0.0,0.0,0.0,0.0,0.0,0.0,0.0,0.0,0.0
I Confess.mkv_shot_1229_1233..mkv.mp4,0.0,0.0,0.0,0.0,0.0,0.0,0.0,0.0,100.0,0.0,0.0,0.0,0.0,0.0
I Confess.mkv_shot_175_180..mkv.mp4,0.0,0.0,0.0,0.0,0.0,0.0,0.0,0.0,100.0,0.0,0.0,0.0,0.0,0.0
I Confess.mkv_shot_2693_2698..mkv.mp4,0.0,0.0,0.0,0.0,0.0,0.0,0.0,0.0,100.0,0.0,0.0,0.0,0.0,0.0
I Confess.mkv_shot_3363_3367..mkv.mp4,0.0,0.0,0.0,0.0,0.0,0.0,0.0,0.0,100.0,0.0,0.0,0.0,0.0,0.0
I Confess.mkv_shot_4626_4631..mkv.mp4,0.0,0.0,0.0,0.0,0.0,0.0,0.0,0.0,100.0,0.0,0.0,0.0,0.0,0.0
I Confess.mkv_shot_4744_4794..mkv.mp4,0.0,0.0,0.0,0.0,0.0,0.0,0.0,0.0,0.0,0.0,0.0,0.0,0.0,100.0
I Confess.mkv_shot_5348_5351..mkv.mp4,0.0,0.0,0.0,0.0,0.0,100.0,0.0,0.0,0.0,0.0,0.0,0.0,0.0,0.0
I Confess.mkv_shot_540_542..mkv.mp4,0.0,0.0,0.0,0.0,0.0,0.0,0.0,0.0,0.0,0.0,0.0,0.0,100.0,0.0
I_m Not There (2007).avi_shot_2199_2221..avi.mp4,0.0,0.0,0.0,0.0,0.0,0.0,0.0,0.0,100.0,0.0,0.0,0.0,0.0,0.0
I_m Not There (2007).avi_shot_2885_2889..avi.mp4,100.0,0.0,0.0,0.0,0.0,0.0,0.0,0.0,0.0,0.0,0.0,0.0,0.0,0.0
I_m Not There (2007).avi_shot_3088_3097..avi.mp4,0.0,0.0,0.0,0.0,0.0,0.0,0.0,0.0,100.0,0.0,0.0,0.0,0.0,0.0
I_m Not There (2007).avi_shot_3262_3272..avi.mp4,0.0,0.0,0.0,0.0,0.0,0.0,0.0,0.0,100.0,0.0,0.0,0.0,0.0,0.0
I_m Not There (2007).avi_shot_5655_5660..avi.mp4,0.0,0.0,0.0,0.0,0.0,0.0,0.0,0.0,100.0,0.0,0.0,0.0,0.0,0.0
I_m Not There (2007).avi_shot_616_623..avi.mp4,0.0,0.0,0.0,0.0,0.0,0.0,0.0,0.0,100.0,0.0,0.0,0.0,0.0,0.0
I_m Not There (2007).avi_shot_6544_6548..avi.mp4,0.0,0.0,0.0,0.0,0.0,0.0,0.0,100.0,0.0,0.0,0.0,0.0,0.0,0.0
I_m Not There (2007).avi_shot_6793_6803..avi.mp4,0.0,0.0,0.0,0.0,0.0,0.0,0.0,100.0,0.0,0.0,0.0,0.0,0.0,0.0
I_m Not There (2007).avi_shot_7339_7351..avi.mp4,0.0,0.0,0.0,0.0,0.0,0.0,0.0,0.0,100.0,0.0,0.0,0.0,0.0,0.0
I_m Not There (2007).avi_shot_7509_7519..avi.mp4,0.0,0.0,0.0,0.0,0.0,0.0,0.0,0.0,100.0,0.0,0.0,0.0,0.0,0.0
I_m Not There (2007).avi_shot_915_921..avi.mp4,0.0,0.0,0.0,0.0,0.0,0.0,0.0,0.0,0.0,0.0,0.0,100.0,0.0,0.0
I_m Not There (2007).avi_shot_938_949..avi.mp4,0.0,0.0,0.0,0.0,0.0,0.0,0.0,0.0,100.0,0.0,0.0,0.0,0.0,0.0
I_m Still Here (2010).avi_shot_1403_1415..avi.mp4,0.0,0.0,0.0,0.0,0.0,0.0,0.0,0.0,100.0,0.0,0.0,0.0,0.0,0.0
I_m Still Here (2010).avi_shot_261_278..avi.mp4,0.0,0.0,0.0,100.0,0.0,0.0,0.0,0.0,0.0,0.0,0.0,0.0,0.0,0.0
I_m Still Here (2010).avi_shot_3170_3179..avi.mp4,0.0,0.0,0.0,0.0,0.0,100.0,0.0,0.0,0.0,0.0,0.0,0.0,0.0,0.0
I_m Still Here (2010).avi_shot_4087_4091..avi.mp4,0.0,0.0,0.0,0.0,0.0,0.0,0.0,0.0,100.0,0.0,0.0,0.0,0.0,0.0
I_m Still Here (2010).avi_shot_5544_5546..avi.mp4,0.0,0.0,0.0,0.0,0.0,0.0,0.0,0.0,100.0,0.0,0.0,0.0,0.0,0.0
I_m Still Here (2010).avi_shot_559_569..avi.mp4,0.0,0.0,0.0,0.0,0.0,0.0,0.0,0.0,0.0,0.0,0.0,0.0,0.0,100.0
I_m Still Here (2010).avi_shot_5954_5958..avi.mp4,0.0,0.0,0.0,100.0,0.0,0.0,0.0,0.0,0.0,0.0,0.0,0.0,0.0,0.0
I_m Still Here (2010).avi_shot_5997_6002..avi.mp4,0.0,0.0,0.0,0.0,0.0,0.0,0.0,0.0,100.0,0.0,0.0,0.0,0.0,0.0
In the Mood For Love (Fa yeung nin wa) (2000).mkv_shot_1539_1556..mkv.mp4,0.0,0.0,0.0,0.0,0.0,0.0,0.0,0.0,100.0,0.0,0.0,0.0,0.0,0.0
In the Mood For Love (Fa yeung nin wa) (2000).mkv_shot_4791_4803..mkv.mp4,0.0,0.0,0.0,0.0,0.0,0.0,0.0,0.0,100.0,0.0,0.0,0.0,0.0,0.0
Inception (2010).avi_shot_1755_1775..avi.mp4,0.0,0.0,0.0,100.0,0.0,0.0,0.0,0.0,0.0,0.0,0.0,0.0,0.0,0.0
Inception (2010).avi_shot_2006_2019..avi.mp4,0.0,0.0,0.0,100.0,0.0,0.0,0.0,0.0,0.0,0.0,0.0,0.0,0.0,0.0
Inception (2010).avi_shot_2294_2297..avi.mp4,0.0,0.0,0.0,100.0,0.0,0.0,0.0,0.0,0.0,0.0,0.0,0.0,0.0,0.0
Inception (2010).avi_shot_3042_3048..avi.mp4,0.0,0.0,0.0,0.0,0.0,0.0,0.0,0.0,100.0,0.0,0.0,0.0,0.0,0.0
Inception (2010).avi_shot_3190_3202..avi.mp4,0.0,0.0,0.0,0.0,100.0,0.0,0.0,0.0,0.0,0.0,0.0,0.0,0.0,0.0
Inception (2010).avi_shot_4186_4194..avi.mp4,0.0,0.0,0.0,100.0,0.0,0.0,0.0,0.0,0.0,0.0,0.0,0.0,0.0,0.0
Inception (2010).avi_shot_6955_6965..avi.mp4,100.0,0.0,0.0,0.0,0.0,0.0,0.0,0.0,0.0,0.0,0.0,0.0,0.0,0.0
Inception (2010).avi_shot_7071_7079..avi.mp4,0.0,0.0,0.0,0.0,0.0,0.0,0.0,0.0,0.0,0.0,100.0,0.0,0.0,0.0
Inception (2010).avi_shot_7307_7309..avi.mp4,0.0,0.0,0.0,100.0,0.0,0.0,0.0,0.0,0.0,0.0,0.0,0.0,0.0,0.0
Inception (2010).avi_shot_7731_7735..avi.mp4,0.0,0.0,0.0,0.0,0.0,0.0,0.0,0.0,0.0,100.0,0.0,0.0,0.0,0.0
Indiana Jones and the Last Crusade (1989).mp4_shot_1719_1739..mp4.mp4,0.0,0.0,0.0,0.0,100.0,0.0,0.0,0.0,0.0,0.0,0.0,0.0,0.0,0.0
Indiana Jones and the Last Crusade (1989).mp4_shot_2224_2236..mp4.mp4,0.0,0.0,0.0,0.0,0.0,100.0,0.0,0.0,0.0,0.0,0.0,0.0,0.0,0.0
Indiana Jones and the Last Crusade (1989).mp4_shot_2725_2766..mp4.mp4,0.0,0.0,0.0,0.0,0.0,0.0,0.0,0.0,0.0,0.0,0.0,100.0,0.0,0.0
Indiana Jones and the Last Crusade (1989).mp4_shot_3339_3358..mp4.mp4,0.0,0.0,0.0,0.0,0.0,0.0,0.0,0.0,0.0,0.0,0.0,100.0,0.0,0.0
Indiana Jones and the Last Crusade (1989).mp4_shot_4843_4846..mp4.mp4,0.0,0.0,0.0,0.0,0.0,0.0,0.0,0.0,100.0,0.0,0.0,0.0,0.0,0.0
Indiana Jones and the Last Crusade (1989).mp4_shot_590_599..mp4.mp4,0.0,0.0,0.0,0.0,0.0,0.0,0.0,0.0,0.0,0.0,0.0,0.0,0.0,100.0
Indiana Jones and the Last Crusade (1989).mp4_shot_6171_6181..mp4.mp4,0.0,0.0,0.0,0.0,0.0,0.0,0.0,0.0,0.0,0.0,0.0,100.0,0.0,0.0
Inglourious Basterds (2009).mp4_shot_3927_3973..mp4.mp4,0.0,0.0,0.0,0.0,100.0,0.0,0.0,0.0,0.0,0.0,0.0,0.0,0.0,0.0
Inglourious Basterds (2009).mp4_shot_5045_5104..mp4.mp4,0.0,0.0,0.0,0.0,100.0,0.0,0.0,0.0,0.0,0.0,0.0,0.0,0.0,0.0
Inglourious Basterds (2009).mp4_shot_7482_7495..mp4.mp4,0.0,0.0,0.0,0.0,0.0,0.0,0.0,0.0,100.0,0.0,0.0,0.0,0.0,0.0
Inglourious Basterds.mp4_shot_2635_2639..mp4.mp4,0.0,0.0,0.0,0.0,0.0,0.0,0.0,0.0,100.0,0.0,0.0,0.0,0.0,0.0
Inglourious Basterds.mp4_shot_2924_2931..mp4.mp4,0.0,0.0,0.0,0.0,0.0,0.0,0.0,100.0,0.0,0.0,0.0,0.0,0.0,0.0
Inglourious Basterds.mp4_shot_2947_2961..mp4.mp4,0.0,0.0,0.0,0.0,0.0,100.0,0.0,0.0,0.0,0.0,0.0,0.0,0.0,0.0
Inglourious Basterds.mp4_shot_3973_4006..mp4.mp4,0.0,0.0,0.0,0.0,0.0,100.0,0.0,0.0,0.0,0.0,0.0,0.0,0.0,0.0
Inglourious Basterds.mp4_shot_4202_4206..mp4.mp4,0.0,0.0,0.0,0.0,0.0,0.0,0.0,0.0,100.0,0.0,0.0,0.0,0.0,0.0
Inglourious Basterds.mp4_shot_4262_4268..mp4.mp4,0.0,0.0,0.0,0.0,0.0,100.0,0.0,0.0,0.0,0.0,0.0,0.0,0.0,0.0
Inglourious Basterds.mp4_shot_5578_5586..mp4.mp4,0.0,0.0,0.0,0.0,0.0,0.0,0.0,0.0,100.0,0.0,0.0,0.0,0.0,0.0
Inglourious Basterds.mp4_shot_5841_5845..mp4.mp4,0.0,0.0,0.0,0.0,0.0,100.0,0.0,0.0,0.0,0.0,0.0,0.0,0.0,0.0
Inglourious Basterds.mp4_shot_6251_6254..mp4.mp4,0.0,0.0,0.0,0.0,0.0,0.0,0.0,0.0,100.0,0.0,0.0,0.0,0.0,0.0
Inglourious Basterds.mp4_shot_6988_6991..mp4.mp4,0.0,0.0,0.0,0.0,0.0,0.0,0.0,0.0,100.0,0.0,0.0,0.0,0.0,0.0
Inglourious Basterds.mp4_shot_7181_7186..mp4.mp4,0.0,0.0,0.0,0.0,0.0,0.0,0.0,0.0,0.0,0.0,0.0,0.0,100.0,0.0
Inglourious Basterds.mp4_shot_7188_7192..mp4.mp4,0.0,0.0,0.0,0.0,0.0,0.0,0.0,0.0,100.0,0.0,0.0,0.0,0.0,0.0
Inglourious Basterds.mp4_shot_749_772..mp4.mp4,0.0,0.0,0.0,0.0,0.0,0.0,0.0,0.0,0.0,0.0,0.0,0.0,100.0,0.0
Inglourious Basterds.mp4_shot_8605_8609..mp4.mp4,0.0,0.0,0.0,0.0,0.0,0.0,0.0,0.0,100.0,0.0,0.0,0.0,0.0,0.0
Inglourious Basterds.mp4_shot_8642_8645..mp4.mp4,0.0,0.0,0.0,0.0,0.0,0.0,0.0,0.0,100.0,0.0,0.0,0.0,0.0,0.0
